{
  "fill" : {
    "automatic-gradient" : "extended-srgb:0.00000,0.75294,0.90980,1.00000"
  },
  "groups" : [
    {
      "layers" : [
        {
          "image-name" : "New Front.svg",
          "name" : "New Front",
          "position" : {
            "scale" : 1.3,
            "translation-in-points" : [
              0,
              0
            ]
          }
        },
        {
          "image-name" : "mid.svg",
          "name" : "mid",
          "position" : {
            "scale" : 1.2,
            "translation-in-points" : [
              0,
              0
            ]
          }
        },
        {
          "image-name" : "back.svg",
          "name" : "back",
          "position" : {
            "scale" : 1.03,
            "translation-in-points" : [
              0,
              0
            ]
          }
        }
      ],
      "shadow" : {
        "kind" : "neutral",
        "opacity" : 0.5
      },
      "translucency" : {
        "enabled" : true,
        "value" : 0.5
      }
    }
  ],
  "supported-platforms" : {
    "circles" : [
      "watchOS"
    ],
    "squares" : "shared"
  }
}